Workbook

Sheet PESERTA_2025
A1: ID_PESERTA | B1: NAMA | C1: SEKOLAH | D1: UNIT | E1: NO IC | F1: JANTINA | G1: KATEGORI_UNIT | H1: KUMPULAN_HURUF | I1: NO_URUTAN | J1: AGAMA
A2: KRS-LA001 | B2: MUHAMMAD LUQMAN ISKANDAR BIN ABDUL HADI | C2: SMA AL-QURAN WADDIN | D2: KADET REMAJA SEKOLAH | E2: 100904010075 | F2: L | G2: KRS | H2: A | I2: 1 | J2: ISLAM
A3: KRS-LA002 | B3: LOSHAN SHANMUGAM | C3: SMK AMINUDDIN BAKI | D3: KADET REMAJA SEKOLAH | E3: 110724011547 | F3: L | G3: KRS | H3: A | I3: 2 | J3: BUKAN ISLAM
A4: KRS-LA003 | B4: MUHAMMAD AMMAR RAFIQ BIN MUHAMAD ROZAI RAFIQ | C4: SMK DAMAI JAYA | D4: KADET REMAJA SEKOLAH | E4: 110122010221 | F4: L | G4: KRS | H4: A | I4: 3 | J4: ISLAM
A5: KRS-LA004 | B5: MUHAMMAD ADAM BIN MOHD NAPIS | C5: SMK DATO ABDUL RAHMAN YASSIN | D5: KADET REMAJA SEKOLAH | E5: 110106011603 | F5: L | G5: KRS | H5: A | I5: 4 | J5: ISLAM
A6: KRS-LA005 | B6: MUHAMMAD ADAM FITRI BIN MOHD FAIZ | C6: SMK DATO' JAAFAR | D6: KADET REMAJA SEKOLAH | E6: 110315011175 | F6: L | G6: KRS | H6: A | I6: 5 | J6: ISLAM
A7: KRS-LA006 | B7: SYAHRUL AIMAN AKHIRI BIN ABD LATIP | C7: SMK DATO' JAAFAR | D7: KADET REMAJA SEKOLAH | E7: 100204011333 | F7: L | G7: KRS | H7: A | I7: 6 | J7: ISLAM
A8: KRS-LA007 | B8: AHMAD ZAKWAN HARITH BIN INDRA | C8: SMK GELANG PATAH | D8: KADET REMAJA SEKOLAH | E8: 110615010609 | F8: L | G8: KRS | H8: A | I8: 7 | J8: ISLAM
A9: KRS-LA008 | B9: ADAM MUKHRIZ BIN RIZAL | C9: SMK MAJIDI BARU 2 | D9: KADET REMAJA SEKOLAH | E9: 100124010293 | F9: L | G9: KRS | H9: A | I9: 8 | J9: ISLAM
A10: KRS-LA009 | B10: ARIF ASYRAF BIN AZIZAN | C10: SMK MOHD KHALID | D10: KADET REMAJA SEKOLAH | E10: 110614010033 | F10: L | G10: KRS | H10: A | I10: 9 | J10: ISLAM
A11: KRS-LA010 | B11: HAIZAT IRSYAD BIN MAZLAN | C11: SMK MOHD KHALID | D11: KADET REMAJA SEKOLAH | E11: 110225011315 | F11: L | G11: KRS | H11: A | I11: 10 | J11: ISLAM
A12: KRS-LA011 | B12: MUHAMMAD DARIAN HILMY BIN MOHD HAFIZ | C12: SMK MOHD KHALID | D12: KADET REMAJA SEKOLAH | E12: 110713011461 | F12: L | G12: KRS | H12: A | I12: 11 | J12: ISLAM
A13: KRS-LA012 | B13: MUHAMMAD IDLAN SYAFIQ BIN MOHD TAHIR | C13: SMK MOHD KHALID | D13: KADET REMAJA SEKOLAH | E13: 110813011047 | F13: L | G13: KRS | H13: A | I13: 12 | J13: ISLAM
... A17: KRS-LA016 | B17: FATH DARIS AYMAN BIN ABDULLAH | C17: SMK TAMAN DESA SKUDAI | D17: KADET REMAJA SEKOLAH | E17: 120803103019 | F17: L | G17: KRS | H17: A | I17: 16 | J17: ISLAM
A18: KRS-LA017 | B18: MICHAEL CHACE HUFANCIA BIN CLAYTON | C18: SMK TAMAN MUTIARA RINI 2 | D18: KADET REMAJA SEKOLAH | E18: P0235573B | F18: L | G18: KRS | H18: A | I18: 17 | J18: BUKAN ISLAM
A19: KRS-LA018 | B19: ASYRAF HANAFI BIN HALIM | C19: SMK TAMAN NUSAJAYA | D19: KADET REMAJA SEKOLAH | E19: 110425010835 | F19: L | G19: KRS | H19: A | I19: 18 | J19: ISLAM
A20: KRS-LA019 | B20: MUHAMMAD ADAM DARWISY BIN MUHAMAD RAFFI | C20: SMK TAMAN NUSAJAYA | D20: KADET REMAJA SEKOLAH | E20: 110816011405 | F20: L | G20: KRS | H20: A | I20: 19 | J20: ISLAM
A21: KRS-LA020 | B21: MUHAMMAD DAFIE BAIHAQIE BIN MOHD SHAHIZAL | C21: SMK TAMAN NUSAJAYA | D21: KADET REMAJA SEKOLAH | E21: 110116010567 | F21: L | G21: KRS | H21: A | I21: 20 | J21: ISLAM
A22: KRS-LA021 | B22: MUHAMMAD NUR IZZANI BIN ZAMRI | C22: SMK TAMAN NUSAJAYA | D22: KADET REMAJA SEKOLAH | E22: 111031010343 | F22: L | G22: KRS | H22: A | I22: 21 | J22: ISLAM
A23: KRS-LA022 | B23: MUHAMMAD ZILL QAYYIM BIN MOHD RAZALI | C23: SMK TAMAN NUSAJAYA | D23: KADET REMAJA SEKOLAH | E23: 120809011027 | F23: L | G23: KRS | H23: A | I23: 22 | J23: ISLAM
A24: KRS-LA023 | B24: MUHAMMAD HAFIZ HAZIM BIN MOHD KAMARULSAFUAN | C24: SMK TAMAN TUN AMINAH | D24: KADET REMAJA SEKOLAH | E24: 121118010089 | F24: L | G24: KRS | H24: A | I24: 23 | J24: ISLAM
A25: KRS-LA024 | B25: MUHAMMAD ZAHIRUL HAZIQ BIN ZIN AZMAN | C25: SMK TAMAN UNIVERISITI | D25: KADET REMAJA SEKOLAH | E25: 111119010576 | F25: L | G25: KRS | H25: A | I25: 24 | J25: ISLAM
A26: KRS-LA025 | B26: MOHAMAD AMIRUDDIN ASYRAF BIN MOHAMAD ZAMRI | C26: SMK TAMAN UNIVERSITI 2 | D26: KADET REMAJA SEKOLAH | E26: 110612010099 | F26: L | G26: KRS | H26: A | I26: 25 | J26: ISLAM
A27: KRS-LA026 | B27: NISHAL RAO A/L VIKNES RAO | C27: SMK TASEK UTARA 2 | D27: KADET REMAJA SEKOLAH | E27: 100402080655 | F27: L | G27: KRS | H27: A | I27: 26 | J27: BUKAN ISLAM
A28: KRS-LA027 | B28: MUHAMMAD AMINUL BIN MUSTAFFA KAMAL | C28: SMK TUN SYED NASIR ISMAIL | D28: KADET REMAJA SEKOLAH | E28: 100508010911 | F28: L | G28: KRS | H28: A | I28: 27 | J28: ISLAM
A29: KRS-LA028 | B29: MUHAMMAD SAIF BIN SHAMSHUL BAHRI | C29: SMK TUN SYED NASIR ISMAIL | D29: KADET REMAJA SEKOLAH | E29: 111208030121 | F29: L | G29: KRS | H29: A | I29: 28 | J29: ISLAM
A30: KRS-LB001 | B30: MUHAMMAD SALAHUDDIN BIN HANIFF | C30: SMA AL-QURAN WADDIN | D30: KADET REMAJA SEKOLAH | E30: 100910100173 | F30: L | G30: KRS | H30: B | I30: 1 | J30: ISLAM
... A306: TKRS-PC021 | B306: NUR IMAN ARDHANI BINTI IZHAR SYAFIQ | C306: SK NONG CHIK | D306: TUNAS KADET REMAJA SEKOLAH | E306: 151205010092 | F306: P | G306: TKRS | H306: C | I306: 21 | J306: ISLAM

Sheet Copy of PESERTA_2025 1
A1: ID_PESERTA | B1: NAMA | C1: SEKOLAH | D1: UNIT | E1: NO IC | F1: JANTINA | G1: KATEGORI_UNIT | H1: KUMPULAN_HURUF | I1: NO_URUTAN | J1: AGAMA
A2: UL-LD005 | B2: MUHAMMAD FIRDAUS BIN JOAZAIZULFAZLI | C2: SMK DESA SKUDAI | D2: BSMM | E2: 110215011178 | F2: L | G2: UNIT LAIN | H2: A | I2: 12 | J2: ISLAM | K2: =VLOOKUP(A2,Sheet15!$A$2:$D793,2,FALSE)
A3: UL-LD006 | B3: KINSTON A/L RAJU | C3: SMK DESA SKUDAI | D3: BSMM | E3: 110215011178 | F3: L | G3: UNIT LAIN | H3: A | I3: 1 | J3: BUKAN ISLAM | K3: =VLOOKUP(A3,Sheet15!$A$2:$D794,2,FALSE)
A4: UL-LD007 | B4: PEARETHISSWARAN A/L SUBRAMANIAM | C4: SMK DESA SKUDAI | D4: BSMM | E4: 100928011005 | F4: L | G4: UNIT LAIN | H4: A | I4: 2 | J4: BUKAN ISLAM | K4: =VLOOKUP(A4,Sheet15!$A$2:$D795,2,FALSE)
A5: UL-LD010 | B5: SHEIK IMAN BIN SHEIKH MOHAYUDDIN | C5: SMK DESA SKUDAI | D5: BSMM | E5: 100928011005 | F5: L | G5: UNIT LAIN | H5: A | I5: 5 | J5: ISLAM | K5: =VLOOKUP(A5,Sheet15!$A$2:$D796,2,FALSE)
A6: UL-LD014 | B6: MUHAMMAD HASIF DANIAL BIN ZURIMAN | C6: SMK DESA SKUDAI | D6: KADET POLIS | E6: 110215011178 | F6: L | G6: UNIT LAIN | H6: B | I6: 3 | J6: ISLAM | K6: =VLOOKUP(A6,Sheet15!$A$2:$D797,2,FALSE)
A7: UL-LD015 | B7: KESAVAN A/L SELVEM | C7: SMK DESA SKUDAI | D7: KADET POLIS | E7: 110215011178 | F7: L | G7: UNIT LAIN | H7: B | I7: 4 | J7: BUKAN ISLAM | K7: =VLOOKUP(A7,Sheet15!$A$2:$D798,2,FALSE)
A8: UL-LD017 | B8: MUHAMMAD NUR IMAN BIN AMRY | C8: SMK DESA SKUDAI | D8: KADET POLIS | E8: 100303010053 | F8: L | G8: UNIT LAIN | H8: B | I8: 6 | J8: ISLAM | K8: =VLOOKUP(A8,Sheet15!$A$2:$D799,2,FALSE)
A9: UL-LD019 | B9: DARWISY FIRDAUS BIN MUBARAK | C9: SMK DESA SKUDAI | D9: KADET POLIS | E9: #N/A | F9: L | G9: UNIT LAIN | H9: C | I9: 2 | J9: ISLAM | K9: =VLOOKUP(A9,Sheet15!$A$2:$D800,2,FALSE)
A10: UL-LD022 | B10: BHAVISH A/L RAJA | C10: SMK DESA SKUDAI | D10: ST JOHN | E10: #N/A | F10: L | G10: UNIT LAIN | H10: C | I10: 5 | J10: BUKAN ISLAM | K10: =VLOOKUP(A10,Sheet15!$A$2:$D801,2,FALSE)
A11: UL-LD045 | B11: ALIFF HAIQAL BIN AZHAR | C11: SMK DESA SKUDAI | D11: PENGAKAP | E11: #N/A | F11: L | G11: UNIT LAIN | H11: B | I11: 14 | J11: ISLAM | K11: =VLOOKUP(A11,Sheet15!$A$2:$D802,2,FALSE)
A12: UL-LD046 | B12: MUHAMMAD HADI MIRZA BIN MOHD NUR SHAIRRAY | C12: SMK DESA SKUDAI | D12: PENGAKAP | E12: 110215011178 | F12: L | G12: UNIT LAIN | H12: C | I12: 7 | J12: ISLAM | K12: =VLOOKUP(A12,Sheet15!$A$2:$D803,2,FALSE)
A13: UL-LD050 | B13: MUHAMMAD HAIKAL BIN MUHAMMAD HANAFI | C13: SMK DESA SKUDAI | D13: PENGAKAP | E13: 110215011178 | F13: L | G13: UNIT LAIN | H13: C | I13: 11 | J13: ISLAM | K13: =VLOOKUP(A13,Sheet15!$A$2:$D804,2,FALSE)
A14: UL-LD051 | B14: BRYAN EZEKIELRAJ A/L MOSES | C14: SMK DESA SKUDAI | D14: PENGAKAP | E14: #N/A | F14: L | G14: UNIT LAIN | H14: C | I14: 12 | J14: BUKAN ISLAM | K14: =VLOOKUP(A14,Sheet15!$A$2:$D805,2,FALSE)
A15: UL-LD052 | B15: SHIDAYSH A/L GANESH | C15: SMK DESA SKUDAI | D15: PENGAKAP | E15: 100928011005 | F15: L | G15: UNIT LAIN | H15: C | I15: 13 | J15: BUKAN ISLAM | K15: =VLOOKUP(A15,Sheet15!$A$2:$D806,2,FALSE)
A16: UL-LD055 | B16: ABU ZHAR BIN ZAINAL | C16: SMK DESA SKUDAI | D16: PENGAKAP | E16: #N/A | F16: L | G16: UNIT LAIN | H16: D | I16: 8 | J16: ISLAM | K16: =VLOOKUP(A16,Sheet15!$A$2:$D807,2,FALSE)
A17: UL-PD001 | B17: SAKINAH BINTI ROSLAN | C17: SMK DESA SKUDAI | D17: BSMM | E17: 100928011005 | F17: P | G17: UNIT LAIN | H17: A | I17: 13 | J17: ISLAM | K17: =VLOOKUP(A17,Sheet15!$A$2:$D808,2,FALSE)
A18: UL-PD002 | B18: LUCYA ANAK GROVER | C18: SMK DESA SKUDAI | D18: BSMM | E18: 110215011178 | F18: P | G18: UNIT LAIN | H18: A | I18: 11 | J18: BUKAN ISLAM | K18: =VLOOKUP(A18,Sheet15!$A$2:$D809,2,FALSE)
A19: UL-PD003 | B19: AFIFA FITIYA BINTI MD REDZUAN | C19: SMK DESA SKUDAI | D19: BSMM | E19: #N/A | F19: P | G19: UNIT LAIN | H19: A | I19: 9 | J19: ISLAM | K19: =VLOOKUP(A19,Sheet15!$A$2:$D810,2,FALSE)
A20: UL-PD012 | B20: MIA DANISYA ADRIANA BINTI MD FAIRUZ | C20: SMK DESA SKUDAI | D20: KADET POLIS | E20: 110215011178 | F20: P | G20: UNIT LAIN | H20: B | I20: 1 | J20: ISLAM | K20: =VLOOKUP(A20,Sheet15!$A$2:$D811,2,FALSE)
A21: UL-PD016 | B21: SITI NUR HANI RANIA BINTI ABDUL RASHID | C21: SMK DESA SKUDAI | D21: KADET POLIS | E21: 100928011005 | F21: P | G21: UNIT LAIN | H21: B | I21: 5 | J21: ISLAM | K21: =VLOOKUP(A21,Sheet15!$A$2:$D812,2,FALSE)
A22: UL-PD020 | B22: NUR RANIYAH BINTI DARULHEISHAM | C22: SMK DESA SKUDAI | D22: KADET POLIS | E22: 100928011005 | F22: P | G22: UNIT LAIN | H22: C | I22: 3 | J22: ISLAM | K22: =VLOOKUP(A22,Sheet15!$A$2:$D813,2,FALSE)
A23: UL-PD021 | B23: NURUL HAFIZAH BINTI ANUAR | C23: SMK DESA SKUDAI | D23: KADET POLIS | E23: 100928011005 | F23: P | G23: UNIT LAIN | H23: C | I23: 4 | J23: ISLAM | K23: =VLOOKUP(A23,Sheet15!$A$2:$D814,2,FALSE)
A24: UL-PD023 | B24: PEE YU TING | C24: SMK DESA SKUDAI | D24: ST JOHN | E24: 100928011005 | F24: P | G24: UNIT LAIN | H24: C | I24: 6 | J24: BUKAN ISLAM | K24: =VLOOKUP(A24,Sheet15!$A$2:$D815,2,FALSE)
A25: UL-PD024 | B25: TAN XUAN LING | C25: SMK DESA SKUDAI | D25: ST JOHN | E25: 121212012371 | F25: P | G25: UNIT LAIN | H25: D | I25: 1 | J25: BUKAN ISLAM | K25: =VLOOKUP(A25,Sheet15!$A$2:$D816,2,FALSE)
A26: UL-PD025 | B26: PEE YU WEI | C26: SMK DESA SKUDAI | D26: ST JOHN | E26: 100928011005 | F26: P | G26: UNIT LAIN | H26: D | I26: 2 | J26: BUKAN ISLAM | K26: =VLOOKUP(A26,Sheet15!$A$2:$D817,2,FALSE)
A27: UL-PD026 | B27: TAY ENN | C27: SMK DESA SKUDAI | D27: ST JOHN | E27: 121212012371 | F27: P | G27: UNIT LAIN | H27: D | I27: 3 | J27: BUKAN ISLAM | K27: =VLOOKUP(A27,Sheet15!$A$2:$D818,2,FALSE)
A28: UL-PD027 | B28: LIONG ZHI QI | C28: SMK DESA SKUDAI | D28: ST JOHN | E28: 110215011178 | F28: P | G28: UNIT LAIN | H28: D | I28: 4 | J28: BUKAN ISLAM | K28: =VLOOKUP(A28,Sheet15!$A$2:$D819,2,FALSE)
A29: UL-PD033 | B29: ALEESYA NURHUSNA BINTI MOHD FAUZI | C29: SMK DESA SKUDAI | D29: PANDU PUTERI | E29: #N/A | F29: P | G29: UNIT LAIN | H29: A | I29: 10 | J29: ISLAM | K29: =VLOOKUP(A29,Sheet15!$A$2:$D820,2,FALSE)
A30: UL-PD034 | B30: ELLA EMIELYNA | C30: SMK DESA SKUDAI | D30: PANDU PUTERI | E30: #N/A | F30: P | G30: UNIT LAIN | H30: A | I30: 11 | J30: BUKAN ISLAM | K30: =VLOOKUP(A30,Sheet15!$A$2:$D821,2,FALSE)
A31: UL-PD040 | B31: DHURAR NADHIRAH BINTI SUHAIMI | C31: SMK DESA SKUDAI | D31: PUTERI ISLAM | E31: #N/A | F31: P | G31: UNIT LAIN | H31: B | I31: 9 | J31: ISLAM | K31: =VLOOKUP(A31,Sheet15!$A$2:$D822,2,FALSE)

Sheet Copy of PESERTA_2025
A1: ID_PESERTA | B1: NAMA | C1: SEKOLAH | D1: JANTINA | E1: AGAMA
A2: KRS-LA001 | B2: MUHAMMAD IMRAN HAQIF BIN OSMAN | C2: SMK DESA SKUDAI | D2: L | E2: ISLAM
A3: KRS-LA002 | B3: MUHAMMAD AISY AYDEN BIN MOHD ISMAHADI | C3: SMK TUN SYED NASIR ISMAIL | D3: P | E3: ISLAM
A4: KRS-LA003 | B4: MOHAMAD HAUZAN ANAS BIN MOHAMAD HAFIZAN | C4: SMK TAMAN UNIVERSITI | D4: P | E4: ISLAM
A5: KRS-LA004 | B5: MUHAMMAD RAYYAN MIKHAIL BIN SULIMAN | C5: SMK DESA SKUDAI | D5: L | E5: ISLAM
A6: KRS-LA005 | B6: MUHAMMAD HAZQI BIN MOHD ROFI | C6: SMK MOHD KHALID | D6: L | E6: ISLAM
A7: KRS-LA006 | B7: AHMAD THAQIF BIN MOHAMAD KHAIRUL BAHRI | C7: MAKTAB SULTAN ABU BAKAR | D7: L | E7: ISLAM
A8: KRS-LA007 | B8: AHMAD FIDAIY BIN AHMAD MULYADY | C8: SMK DESA SKUDAI | D8: L | E8: ISLAM
A9: KRS-LA008 | B9: AGITKUMAR A/L PREMKUMAR | C9: SMK TAMAN UNIVERSITI | D9: L | E9: BUKAN ISLAM
A10: KRS-LA009 | B10: AZHAD HADI BIN SAZALI | C10: SMK MUTIARA RINI 2 | D10: L | E10: ISLAM
A11: KRS-LA010 | B11: MUHAMMAD YUSUP BIN MOHD KAMARUZAMAN | C11: SMK DESA SKUDAI | D11: L | E11: ISLAM
A12: KRS-LA012 | B12: MUHAMMAD AZIL KHUZAIRI BIN HASRI | C12: SMK TAMAN NUSAJAYA | D12: L | E12: ISLAM
... A195: UL-LD056 | B195: NIHALAN A/L SARAVANAN | C195: SMK DESA SKUDAI | D195: L | E195: BUKAN ISLAM

Sheet PESERTA TIDAK HADIR
A1: ID_PESERTA | B1: NAMA | C1: SEKOLAH | D1: UNIT | E1: NO IC | F1: JANTINA | G1: KATEGORI_UNIT | H1: KUMPULAN_HURUF | I1: NO_URUTAN | J1: AGAMA
A2: KRS-LA001 | B2: MUHAMMAD LUQMAN ISKANDAR BIN ABDUL HADI | C2: SMA AL-QURAN WADDIN | D2: KADET REMAJA SEKOLAH | E2: 100904010075 | F2: L | G2: KRS | H2: A | I2: 1 | J2: ISLAM
A3: KRS-LA002 | B3: LOSHAN SHANMUGAM | C3: SMK AMINUDDIN BAKI | D3: KADET REMAJA SEKOLAH | E3: 110724011547 | F3: L | G3: KRS | H3: A | I3: 2 | J3: BUKAN ISLAM
A4: KRS-LA003 | B4: MUHAMMAD AMMAR RAFIQ BIN MUHAMAD ROZAI RAFIQ | C4: SMK DAMAI JAYA | D4: KADET REMAJA SEKOLAH | E4: 110122010221 | F4: L | G4: KRS | H4: A | I4: 3 | J4: ISLAM
A5: KRS-LA004 | B5: MUHAMMAD ADAM BIN MOHD NAPIS | C5: SMK DATO ABDUL RAHMAN YASSIN | D5: KADET REMAJA SEKOLAH | E5: 110106011603 | F5: L | G5: KRS | H5: A | I5: 4 | J5: ISLAM
A6: KRS-LA005 | B6: MUHAMMAD ADAM FITRI BIN MOHD FAIZ | C6: SMK DATO' JAAFAR | D6: KADET REMAJA SEKOLAH | E6: 110315011175 | F6: L | G6: KRS | H6: A | I6: 5 | J6: ISLAM
A7: KRS-LA006 | B7: SYAHRUL AIMAN AKHIRI BIN ABD LATIP | C7: SMK DATO' JAAFAR | D7: KADET REMAJA SEKOLAH | E7: 100204011333 | F7: L | G7: KRS | H7: A | I7: 6 | J7: ISLAM
A8: KRS-LA007 | B8: AHMAD ZAKWAN HARITH BIN INDRA | C8: SMK GELANG PATAH | D8: KADET REMAJA SEKOLAH | E8: 110615010609 | F8: L | G8: KRS | H8: A | I8: 7 | J8: ISLAM
A9: KRS-LA008 | B9: ADAM MUKHRIZ BIN RIZAL | C9: SMK MAJIDI BARU 2 | D9: KADET REMAJA SEKOLAH | E9: 100124010293 | F9: L | G9: KRS | H9: A | I9: 8 | J9: ISLAM
A10: KRS-LA009 | B10: ARIF ASYRAF BIN AZIZAN | C10: SMK MOHD KHALID | D10: KADET REMAJA SEKOLAH | E10: 110614010033 | F10: L | G10: KRS | H10: A | I10: 9 | J10: ISLAM
A11: KRS-LA010 | B11: HAIZAT IRSYAD BIN MAZLAN | C11: SMK MOHD KHALID | D11: KADET REMAJA SEKOLAH | E11: 110225011315 | F11: L | G11: KRS | H11: A | I11: 10 | J11: ISLAM
A12: KRS-LA011 | B12: MUHAMMAD DARIAN HILMY BIN MOHD HAFIZ | C12: SMK MOHD KHALID | D12: KADET REMAJA SEKOLAH | E12: 110713011461 | F12: L | G12: KRS | H12: A | I12: 11 | J12: ISLAM
A13: KRS-LA012 | B13: MUHAMMAD IDLAN SYAFIQ BIN MOHD TAHIR | C13: SMK MOHD KHALID | D13: KADET REMAJA SEKOLAH | E13: 110813011047 | F13: L | G13: KRS | H13: A | I13: 12 | J13: ISLAM
... A17: KRS-LA016 | B17: FATH DARIS AYMAN BIN ABDULLAH | C17: SMK TAMAN DESA SKUDAI | D17: KADET REMAJA SEKOLAH | E17: 120803103019 | F17: L | G17: KRS | H17: A | I17: 16 | J17: ISLAM
A18: KRS-LA017 | B18: MICHAEL CHACE HUFANCIA BIN CLAYTON | C18: SMK TAMAN MUTIARA RINI 2 | D18: KADET REMAJA SEKOLAH | E18: P0235573B | F18: L | G18: KRS | H18: A | I18: 17 | J18: BUKAN ISLAM
A19: KRS-LA018 | B19: ASYRAF HANAFI BIN HALIM | C19: SMK TAMAN NUSAJAYA | D19: KADET REMAJA SEKOLAH | E19: 110425010835 | F19: L | G19: KRS | H19: A | I19: 18 | J19: ISLAM
A20: KRS-LA019 | B20: MUHAMMAD ADAM DARWISY BIN MUHAMAD RAFFI | C20: SMK TAMAN NUSAJAYA | D20: KADET REMAJA SEKOLAH | E20: 110816011405 | F20: L | G20: KRS | H20: A | I20: 19 | J20: ISLAM
A21: KRS-LA020 | B21: MUHAMMAD DAFIE BAIHAQIE BIN MOHD SHAHIZAL | C21: SMK TAMAN NUSAJAYA | D21: KADET REMAJA SEKOLAH | E21: 110116010567 | F21: L | G21: KRS | H21: A | I21: 20 | J21: ISLAM
A22: KRS-LA021 | B22: MUHAMMAD NUR IZZANI BIN ZAMRI | C22: SMK TAMAN NUSAJAYA | D22: KADET REMAJA SEKOLAH | E22: 111031010343 | F22: L | G22: KRS | H22: A | I22: 21 | J22: ISLAM
A23: KRS-LA022 | B23: MUHAMMAD ZILL QAYYIM BIN MOHD RAZALI | C23: SMK TAMAN NUSAJAYA | D23: KADET REMAJA SEKOLAH | E23: 120809011027 | F23: L | G23: KRS | H23: A | I23: 22 | J23: ISLAM
A24: KRS-LA023 | B24: MUHAMMAD HAFIZ HAZIM BIN MOHD KAMARULSAFUAN | C24: SMK TAMAN TUN AMINAH | D24: KADET REMAJA SEKOLAH | E24: 121118010089 | F24: L | G24: KRS | H24: A | I24: 23 | J24: ISLAM
A25: KRS-LA024 | B25: MUHAMMAD ZAHIRUL HAZIQ BIN ZIN AZMAN | C25: SMK TAMAN UNIVERISITI | D25: KADET REMAJA SEKOLAH | E25: 111119010576 | F25: L | G25: KRS | H25: A | I25: 24 | J25: ISLAM
A26: KRS-LA025 | B26: MOHAMAD AMIRUDDIN ASYRAF BIN MOHAMAD ZAMRI | C26: SMK TAMAN UNIVERSITI 2 | D26: KADET REMAJA SEKOLAH | E26: 110612010099 | F26: L | G26: KRS | H26: A | I26: 25 | J26: ISLAM
A27: KRS-LA026 | B27: NISHAL RAO A/L VIKNES RAO | C27: SMK TASEK UTARA 2 | D27: KADET REMAJA SEKOLAH | E27: 100402080655 | F27: L | G27: KRS | H27: A | I27: 26 | J27: BUKAN ISLAM
A28: KRS-LA027 | B28: MUHAMMAD AMINUL BIN MUSTAFFA KAMAL | C28: SMK TUN SYED NASIR ISMAIL | D28: KADET REMAJA SEKOLAH | E28: 100508010911 | F28: L | G28: KRS | H28: A | I28: 27 | J28: ISLAM
A29: KRS-LA028 | B29: MUHAMMAD SAIF BIN SHAMSHUL BAHRI | C29: SMK TUN SYED NASIR ISMAIL | D29: KADET REMAJA SEKOLAH | E29: 111208030121 | F29: L | G29: KRS | H29: A | I29: 28 | J29: ISLAM
A30: KRS-LB001 | B30: MUHAMMAD SALAHUDDIN BIN HANIFF | C30: SMA AL-QURAN WADDIN | D30: KADET REMAJA SEKOLAH | E30: 100910100173 | F30: L | G30: KRS | H30: B | I30: 1 | J30: ISLAM
... A306: TKRS-PC021 | B306: NUR IMAN ARDHANI BINTI IZHAR SYAFIQ | C306: SK NONG CHIK | D306: TUNAS KADET REMAJA SEKOLAH | E306: 151205010092 | F306: P | G306: TKRS | H306: C | I306: 21 | J306: ISLAM

Sheet JENIS_PENTAULIAHAN
A1: NAMA UNIT | B1: JENIS PENTAULIAHAN | C1: KATEGORI
A2: TKRS | B2: KOPERAL | C2: TUNAS KADET REMAJA SEKOLAH
A3: KRS | B3: SARJAN | C3: KADET REMAJA SEKOLAH

Sheet ANALISIS_TKRS
A1: BIL | B1: ID_PESERTA | C1: NAMA | D1: SEKOLAH | E1: JANTINA | F1: AGAMA | G1: ELEMEN PENGUJIAN | J1: JUMLAH MARKAH | K1: STATUS TKRS
G2: KAWAD KAKI | H2: BANTU MULA | I2: IKATAN
A3: 1 | B3: TKRS-LA001 | C3: MUHAMMAD REEFA MIKHAIL BIN KHAIRUL ANWAR | D3: SJK (C) FOON YEW 2 | E3: L | F3: ISLAM | G3: =IFERROR(VLOOKUP($B3, MARKAH_TKRS_KAWAD!$B:$AP, 40, FALSE)/95, 0) | H3: =IFERROR(VLOOKUP($B3, MARKAH_TKRS_BANTU_MULA!$B:$K, 10, FALSE)/20, 0) | I3: =IFERROR(VLOOKUP($B3, MARKAH_TKRS_IKATAN!$B:$M, 12, FALSE)/25, 0) | J3: =IFERROR((G3 * 0.6) + (H3 * 0.2) + (I3 * 0.2), 0) | K3: =IF(G3>=0.5, "L", "G") & IF(((H3+I3)/2)>=0.5, "L", "G") & IF(J3>=0.6, "L", "G")
A4: 2 | B4: TKRS-LA002 | C4: TEJEASHVAR A/L RAJENDRAN | D4: SJK (T) JALAN YAHYA AWAL | E4: L | F4: BUKAN ISLAM | G4: =IFERROR(VLOOKUP($B4, MARKAH_TKRS_KAWAD!$B:$AP, 40, FALSE)/95, 0) | H4: =IFERROR(VLOOKUP($B4, MARKAH_TKRS_BANTU_MULA!$B:$K, 10, FALSE)/20, 0) | I4: =IFERROR(VLOOKUP($B4, MARKAH_TKRS_IKATAN!$B:$M, 12, FALSE)/25, 0) | J4: =IFERROR((G4 * 0.6) + (H4 * 0.2) + (I4 * 0.2), 0) | K4: =IF(G4>=0.5, "L", "G") & IF(((H4+I4)/2)>=0.5, "L", "G") & IF(J4>=0.6, "L", "G")
A5: 3 | B5: TKRS-LA003 | C5: ADRIEL SANJAY JUSTIN | D5: SJK (T) TAMAN TUN AMINAH | E5: L | F5: BUKAN ISLAM | G5: =IFERROR(VLOOKUP($B5, MARKAH_TKRS_KAWAD!$B:$AP, 40, FALSE)/95, 0) | H5: =IFERROR(VLOOKUP($B5, MARKAH_TKRS_BANTU_MULA!$B:$K, 10, FALSE)/20, 0) | I5: =IFERROR(VLOOKUP($B5, MARKAH_TKRS_IKATAN!$B:$M, 12, FALSE)/25, 0) | J5: =IFERROR((G5 * 0.6) + (H5 * 0.2) + (I5 * 0.2), 0) | K5: =IF(G5>=0.5, "L", "G") & IF(((H5+I5)/2)>=0.5, "L", "G") & IF(J5>=0.6, "L", "G")
A6: 4 | B6: TKRS-LA004 | C6: MUHAMMAD AMMAR NAUFAL BIN MOHD NUR SYAFIQ | D6: SK BUKIT MUTIARA | E6: L | F6: ISLAM | G6: =IFERROR(VLOOKUP($B6, MARKAH_TKRS_KAWAD!$B:$AP, 40, FALSE)/95, 0) | H6: =IFERROR(VLOOKUP($B6, MARKAH_TKRS_BANTU_MULA!$B:$K, 10, FALSE)/20, 0) | I6: =IFERROR(VLOOKUP($B6, MARKAH_TKRS_IKATAN!$B:$M, 12, FALSE)/25, 0) | J6: =IFERROR((G6 * 0.6) + (H6 * 0.2) + (I6 * 0.2), 0) | K6: =IF(G6>=0.5, "L", "G") & IF(((H6+I6)/2)>=0.5, "L", "G") & IF(J6>=0.6, "L", "G")
A7: 5 | B7: TKRS-LA005 | C7: MUHAMMAD HILMAN HAQ BIN MOHD HARZAMIR | D7: SK KAMPONG PASIR | E7: L | F7: ISLAM | G7: =IFERROR(VLOOKUP($B7, MARKAH_TKRS_KAWAD!$B:$AP, 40, FALSE)/95, 0) | H7: =IFERROR(VLOOKUP($B7, MARKAH_TKRS_BANTU_MULA!$B:$K, 10, FALSE)/20, 0) | I7: =IFERROR(VLOOKUP($B7, MARKAH_TKRS_IKATAN!$B:$M, 12, FALSE)/25, 0) | J7: =IFERROR((G7 * 0.6) + (H7 * 0.2) + (I7 * 0.2), 0) | K7: =IF(G7>=0.5, "L", "G") & IF(((H7+I7)/2)>=0.5, "L", "G") & IF(J7>=0.6, "L", "G")
A8: 6 | B8: TKRS-LA006 | C8: MUHAMMAD RIZKY FINIX BIN MUHAMMAD AKMAL | D8: SK KAMPUNG PULAI | E8: L | F8: ISLAM | G8: =IFERROR(VLOOKUP($B8, MARKAH_TKRS_KAWAD!$B:$AP, 40, FALSE)/95, 0) | H8: =IFERROR(VLOOKUP($B8, MARKAH_TKRS_BANTU_MULA!$B:$K, 10, FALSE)/20, 0) | I8: =IFERROR(VLOOKUP($B8, MARKAH_TKRS_IKATAN!$B:$M, 12, FALSE)/25, 0) | J8: =IFERROR((G8 * 0.6) + (H8 * 0.2) + (I8 * 0.2), 0) | K8: =IF(G8>=0.5, "L", "G") & IF(((H8+I8)/2)>=0.5, "L", "G") & IF(J8>=0.6, "L", "G")
A9: 7 | B9: TKRS-LA007 | C9: FIRAS IMRAN BIN FAKHRUL IZWAN | D9: SK LARKIN 1 | E9: L | F9: ISLAM | G9: =IFERROR(VLOOKUP($B9, MARKAH_TKRS_KAWAD!$B:$AP, 40, FALSE)/95, 0) | H9: =IFERROR(VLOOKUP($B9, MARKAH_TKRS_BANTU_MULA!$B:$K, 10, FALSE)/20, 0) | I9: =IFERROR(VLOOKUP($B9, MARKAH_TKRS_IKATAN!$B:$M, 12, FALSE)/25, 0) | J9: =IFERROR((G9 * 0.6) + (H9 * 0.2) + (I9 * 0.2), 0) | K9: =IF(G9>=0.5, "L", "G") & IF(((H9+I9)/2)>=0.5, "L", "G") & IF(J9>=0.6, "L", "G")
A10: 8 | B10: TKRS-LA008 | C10: MUHAMMAD SAIE RIZQULLAH BIN SAYEFULLAH | D10: SK MAJIDI BAHRU | E10: L | F10: ISLAM | G10: =IFERROR(VLOOKUP($B10, MARKAH_TKRS_KAWAD!$B:$AP, 40, FALSE)/95, 0) | H10: =IFERROR(VLOOKUP($B10, MARKAH_TKRS_BANTU_MULA!$B:$K, 10, FALSE)/20, 0) | I10: =IFERROR(VLOOKUP($B10, MARKAH_TKRS_IKATAN!$B:$M, 12, FALSE)/25, 0) | J10: =IFERROR((G10 * 0.6) + (H10 * 0.2) + (I10 * 0.2), 0) | K10: =IF(G10>=0.5, "L", "G") & IF(((H10+I10)/2)>=0.5, "L", "G") & IF(J10>=0.6, "L", "G")
A11: 9 | B11: TKRS-LA009 | C11: MUHAMMAD HUZAIR NAQIUDIN BIN MOHD HAIRUDIN | D11: SK NONG CHIK | E11: L | F11: ISLAM | G11: =IFERROR(VLOOKUP($B11, MARKAH_TKRS_KAWAD!$B:$AP, 40, FALSE)/95, 0) | H11: =IFERROR(VLOOKUP($B11, MARKAH_TKRS_BANTU_MULA!$B:$K, 10, FALSE)/20, 0) | I11: =IFERROR(VLOOKUP($B11, MARKAH_TKRS_IKATAN!$B:$M, 12, FALSE)/25, 0) | J11: =IFERROR((G11 * 0.6) + (H11 * 0.2) + (I11 * 0.2), 0) | K11: =IF(G11>=0.5, "L", "G") & IF(((H11+I11)/2)>=0.5, "L", "G") & IF(J11>=0.6, "L", "G")
A12: 10 | B12: TKRS-LA010 | C12: AHMAD UMAR BIN MAT JUNOH | D12: SK NUSANTARA | E12: L | F12: ISLAM | G12: =IFERROR(VLOOKUP($B12, MARKAH_TKRS_KAWAD!$B:$AP, 40, FALSE)/95, 0) | H12: =IFERROR(VLOOKUP($B12, MARKAH_TKRS_BANTU_MULA!$B:$K, 10, FALSE)/20, 0) | I12: =IFERROR(VLOOKUP($B12, MARKAH_TKRS_IKATAN!$B:$M, 12, FALSE)/25, 0) | J12: =IFERROR((G12 * 0.6) + (H12 * 0.2) + (I12 * 0.2), 0) | K12: =IF(G12>=0.5, "L", "G") & IF(((H12+I12)/2)>=0.5, "L", "G") & IF(J12>=0.6, "L", "G")
A13: 11 | B13: TKRS-LA011 | C13: MUHAMMMAD AIMAN HAZIQ BIN MUHAMMAD FIRDAUS | D13: SK NUSANTARA | E13: L | F13: ISLAM | G13: =IFERROR(VLOOKUP($B13, MARKAH_TKRS_KAWAD!$B:$AP, 40, FALSE)/95, 0) | H13: =IFERROR(VLOOKUP($B13, MARKAH_TKRS_BANTU_MULA!$B:$K, 10, FALSE)/20, 0) | I13: =IFERROR(VLOOKUP($B13, MARKAH_TKRS_IKATAN!$B:$M, 12, FALSE)/25, 0) | J13: =IFERROR((G13 * 0.6) + (H13 * 0.2) + (I13 * 0.2), 0) | K13: =IF(G13>=0.5, "L", "G") & IF(((H13+I13)/2)>=0.5, "L", "G") & IF(J13>=0.6, "L", "G")
A14: 12 | B14: TKRS-LA012 | C14: FAROUQ AIMAR FUDHAIL BIN MOHAMED HIRMY | D14: SK SERI MELATI | E14: L | F14: ISLAM | G14: =IFERROR(VLOOKUP($B14, MARKAH_TKRS_KAWAD!$B:$AP, 40, FALSE)/95, 0) | H14: =IFERROR(VLOOKUP($B14, MARKAH_TKRS_BANTU_MULA!$B:$K, 10, FALSE)/20, 0) | I14: =IFERROR(VLOOKUP($B14, MARKAH_TKRS_IKATAN!$B:$M, 12, FALSE)/25, 0) | J14: =IFERROR((G14 * 0.6) + (H14 * 0.2) + (I14 * 0.2), 0) | K14: =IF(G14>=0.5, "L", "G") & IF(((H14+I14)/2)>=0.5, "L", "G") & IF(J14>=0.6, "L", "G")
... A163: 161 | B163: TKRS-PC021 | C163: NUR IMAN ARDHANI BINTI IZHAR SYAFIQ | D163: SK NONG CHIK | E163: P | F163: ISLAM | G163: =IFERROR(VLOOKUP($B163, MARKAH_TKRS_KAWAD!$B:$AP, 40, FALSE)/95, 0) | H163: =IFERROR(VLOOKUP($B163, MARKAH_TKRS_BANTU_MULA!$B:$K, 10, FALSE)/20, 0) | I163: =IFERROR(VLOOKUP($B163, MARKAH_TKRS_IKATAN!$B:$M, 12, FALSE)/25, 0) | J163: =IFERROR((G163 * 0.6) + (H163 * 0.2) + (I163 * 0.2), 0) | K163: =IF(G163>=0.5, "L", "G") & IF(((H163+I163)/2)>=0.5, "L", "G") & IF(J163>=0.6, "L", "G")

Sheet ANALISIS_KRS
A1: BIL | B1: ID_PESERTA | C1: NAMA | D1: SEKOLAH | E1: JANTINA | F1: AGAMA | G1: ELEMEN PENGUJIAN | J1: JUMLAH MARKAH | K1: STATUS KRS
G2: KAWAD KAKI | H2: BANTU MULA | I2: IKATAN
A3: 1 | B3: KRS-LA001 | C3: MUHAMMAD LUQMAN ISKANDAR BIN ABDUL HADI | D3: SMA AL-QURAN WADDIN | E3: L | F3: ISLAM | G3: =IFERROR(VLOOKUP($B3, MARKAH_KRS_KAWAD!$B:$BD, 54, FALSE)/137, 0) | H3: =IFERROR(VLOOKUP($B3, MARKAH_KRS_BANTU_MULA!$B:$L, 11, FALSE)/20, 0) | I3: =IFERROR(VLOOKUP($B3, MARKAH_KRS_IKATAN!$B:$N, 13, FALSE)/25, 0) | J3: =IFERROR((G3 * 0.6) + (H3 * 0.2) + (I3 * 0.2), 0) | K3: =IF(G3>=0.5, "L", "G") & IF(((H3+I3)/2)>=0.5, "L", "G") & IF(J3>=0.6, "L", "G")
A4: 2 | B4: KRS-LA002 | C4: LOSHAN SHANMUGAM | D4: SMK AMINUDDIN BAKI | E4: L | F4: BUKAN ISLAM | G4: =IFERROR(VLOOKUP($B4, MARKAH_KRS_KAWAD!$B:$BD, 54, FALSE)/137, 0) | H4: =IFERROR(VLOOKUP($B4, MARKAH_KRS_BANTU_MULA!$B:$L, 11, FALSE)/20, 0) | I4: =IFERROR(VLOOKUP($B4, MARKAH_KRS_IKATAN!$B:$N, 13, FALSE)/25, 0) | J4: =IFERROR((G4 * 0.6) + (H4 * 0.2) + (I4 * 0.2), 0) | K4: =IF(G4>=0.5, "L", "G") & IF(((H4+I4)/2)>=0.5, "L", "G") & IF(J4>=0.6, "L", "G")
A5: 3 | B5: KRS-LA003 | C5: MUHAMMAD AMMAR RAFIQ BIN MUHAMAD ROZAI RAFIQ | D5: SMK DAMAI JAYA | E5: L | F5: ISLAM | G5: =IFERROR(VLOOKUP($B5, MARKAH_KRS_KAWAD!$B:$BD, 54, FALSE)/137, 0) | H5: =IFERROR(VLOOKUP($B5, MARKAH_KRS_BANTU_MULA!$B:$L, 11, FALSE)/20, 0) | I5: =IFERROR(VLOOKUP($B5, MARKAH_KRS_IKATAN!$B:$N, 13, FALSE)/25, 0) | J5: =IFERROR((G5 * 0.6) + (H5 * 0.2) + (I5 * 0.2), 0) | K5: =IF(G5>=0.5, "L", "G") & IF(((H5+I5)/2)>=0.5, "L", "G") & IF(J5>=0.6, "L", "G")
A6: 4 | B6: KRS-LA004 | C6: MUHAMMAD ADAM BIN MOHD NAPIS | D6: SMK DATO ABDUL RAHMAN YASSIN | E6: L | F6: ISLAM | G6: =IFERROR(VLOOKUP($B6, MARKAH_KRS_KAWAD!$B:$BD, 54, FALSE)/137, 0) | H6: =IFERROR(VLOOKUP($B6, MARKAH_KRS_BANTU_MULA!$B:$L, 11, FALSE)/20, 0) | I6: =IFERROR(VLOOKUP($B6, MARKAH_KRS_IKATAN!$B:$N, 13, FALSE)/25, 0) | J6: =IFERROR((G6 * 0.6) + (H6 * 0.2) + (I6 * 0.2), 0) | K6: =IF(G6>=0.5, "L", "G") & IF(((H6+I6)/2)>=0.5, "L", "G") & IF(J6>=0.6, "L", "G")
A7: 5 | B7: KRS-LA005 | C7: MUHAMMAD ADAM FITRI BIN MOHD FAIZ | D7: SMK DATO' JAAFAR | E7: L | F7: ISLAM | G7: =IFERROR(VLOOKUP($B7, MARKAH_KRS_KAWAD!$B:$BD, 54, FALSE)/137, 0) | H7: =IFERROR(VLOOKUP($B7, MARKAH_KRS_BANTU_MULA!$B:$L, 11, FALSE)/20, 0) | I7: =IFERROR(VLOOKUP($B7, MARKAH_KRS_IKATAN!$B:$N, 13, FALSE)/25, 0) | J7: =IFERROR((G7 * 0.6) + (H7 * 0.2) + (I7 * 0.2), 0) | K7: =IF(G7>=0.5, "L", "G") & IF(((H7+I7)/2)>=0.5, "L", "G") & IF(J7>=0.6, "L", "G")
A8: 6 | B8: KRS-LA006 | C8: SYAHRUL AIMAN AKHIRI BIN ABD LATIP | D8: SMK DATO' JAAFAR | E8: L | F8: ISLAM | G8: =IFERROR(VLOOKUP($B8, MARKAH_KRS_KAWAD!$B:$BD, 54, FALSE)/137, 0) | H8: =IFERROR(VLOOKUP($B8, MARKAH_KRS_BANTU_MULA!$B:$L, 11, FALSE)/20, 0) | I8: =IFERROR(VLOOKUP($B8, MARKAH_KRS_IKATAN!$B:$N, 13, FALSE)/25, 0) | J8: =IFERROR((G8 * 0.6) + (H8 * 0.2) + (I8 * 0.2), 0) | K8: =IF(G8>=0.5, "L", "G") & IF(((H8+I8)/2)>=0.5, "L", "G") & IF(J8>=0.6, "L", "G")
A9: 7 | B9: KRS-LA007 | C9: AHMAD ZAKWAN HARITH BIN INDRA | D9: SMK GELANG PATAH | E9: L | F9: ISLAM | G9: =IFERROR(VLOOKUP($B9, MARKAH_KRS_KAWAD!$B:$BD, 54, FALSE)/137, 0) | H9: =IFERROR(VLOOKUP($B9, MARKAH_KRS_BANTU_MULA!$B:$L, 11, FALSE)/20, 0) | I9: =IFERROR(VLOOKUP($B9, MARKAH_KRS_IKATAN!$B:$N, 13, FALSE)/25, 0) | J9: =IFERROR((G9 * 0.6) + (H9 * 0.2) + (I9 * 0.2), 0) | K9: =IF(G9>=0.5, "L", "G") & IF(((H9+I9)/2)>=0.5, "L", "G") & IF(J9>=0.6, "L", "G")
A10: 8 | B10: KRS-LA008 | C10: ADAM MUKHRIZ BIN RIZAL | D10: SMK MAJIDI BARU 2 | E10: L | F10: ISLAM | G10: =IFERROR(VLOOKUP($B10, MARKAH_KRS_KAWAD!$B:$BD, 54, FALSE)/137, 0) | H10: =IFERROR(VLOOKUP($B10, MARKAH_KRS_BANTU_MULA!$B:$L, 11, FALSE)/20, 0) | I10: =IFERROR(VLOOKUP($B10, MARKAH_KRS_IKATAN!$B:$N, 13, FALSE)/25, 0) | J10: =IFERROR((G10 * 0.6) + (H10 * 0.2) + (I10 * 0.2), 0) | K10: =IF(G10>=0.5, "L", "G") & IF(((H10+I10)/2)>=0.5, "L", "G") & IF(J10>=0.6, "L", "G")
A11: 9 | B11: KRS-LA009 | C11: ARIF ASYRAF BIN AZIZAN | D11: SMK MOHD KHALID | E11: L | F11: ISLAM | G11: =IFERROR(VLOOKUP($B11, MARKAH_KRS_KAWAD!$B:$BD, 54, FALSE)/137, 0) | H11: =IFERROR(VLOOKUP($B11, MARKAH_KRS_BANTU_MULA!$B:$L, 11, FALSE)/20, 0) | I11: =IFERROR(VLOOKUP($B11, MARKAH_KRS_IKATAN!$B:$N, 13, FALSE)/25, 0) | J11: =IFERROR((G11 * 0.6) + (H11 * 0.2) + (I11 * 0.2), 0) | K11: =IF(G11>=0.5, "L", "G") & IF(((H11+I11)/2)>=0.5, "L", "G") & IF(J11>=0.6, "L", "G")
A12: 10 | B12: KRS-LA010 | C12: HAIZAT IRSYAD BIN MAZLAN | D12: SMK MOHD KHALID | E12: L | F12: ISLAM | G12: =IFERROR(VLOOKUP($B12, MARKAH_KRS_KAWAD!$B:$BD, 54, FALSE)/137, 0) | H12: =IFERROR(VLOOKUP($B12, MARKAH_KRS_BANTU_MULA!$B:$L, 11, FALSE)/20, 0) | I12: =IFERROR(VLOOKUP($B12, MARKAH_KRS_IKATAN!$B:$N, 13, FALSE)/25, 0) | J12: =IFERROR((G12 * 0.6) + (H12 * 0.2) + (I12 * 0.2), 0) | K12: =IF(G12>=0.5, "L", "G") & IF(((H12+I12)/2)>=0.5, "L", "G") & IF(J12>=0.6, "L", "G")
A13: 11 | B13: KRS-LA011 | C13: MUHAMMAD DARIAN HILMY BIN MOHD HAFIZ | D13: SMK MOHD KHALID | E13: L | F13: ISLAM | G13: =IFERROR(VLOOKUP($B13, MARKAH_KRS_KAWAD!$B:$BD, 54, FALSE)/137, 0) | H13: =IFERROR(VLOOKUP($B13, MARKAH_KRS_BANTU_MULA!$B:$L, 11, FALSE)/20, 0) | I13: =IFERROR(VLOOKUP($B13, MARKAH_KRS_IKATAN!$B:$N, 13, FALSE)/25, 0) | J13: =IFERROR((G13 * 0.6) + (H13 * 0.2) + (I13 * 0.2), 0) | K13: =IF(G13>=0.5, "L", "G") & IF(((H13+I13)/2)>=0.5, "L", "G") & IF(J13>=0.6, "L", "G")
A14: 12 | B14: KRS-LA012 | C14: MUHAMMAD IDLAN SYAFIQ BIN MOHD TAHIR | D14: SMK MOHD KHALID | E14: L | F14: ISLAM | G14: =IFERROR(VLOOKUP($B14, MARKAH_KRS_KAWAD!$B:$BD, 54, FALSE)/137, 0) | H14: =IFERROR(VLOOKUP($B14, MARKAH_KRS_BANTU_MULA!$B:$L, 11, FALSE)/20, 0) | I14: =IFERROR(VLOOKUP($B14, MARKAH_KRS_IKATAN!$B:$N, 13, FALSE)/25, 0) | J14: =IFERROR((G14 * 0.6) + (H14 * 0.2) + (I14 * 0.2), 0) | K14: =IF(G14>=0.5, "L", "G") & IF(((H14+I14)/2)>=0.5, "L", "G") & IF(J14>=0.6, "L", "G")
... A146: 144 | B146: KRS-PC020 | C146: NUR ATIQAH ADHWA'NI BINTI ABDULLAH HIRWANDY | D146: SMK TUN SYED NASIR ISMAIL | E146: P | F146: ISLAM | G146: =IFERROR(VLOOKUP($B146, MARKAH_KRS_KAWAD!$B:$BD, 54, FALSE)/137, 0) | H146: =IFERROR(VLOOKUP($B146, MARKAH_KRS_BANTU_MULA!$B:$L, 11, FALSE)/20, 0) | I146: =IFERROR(VLOOKUP($B146, MARKAH_KRS_IKATAN!$B:$N, 13, FALSE)/25, 0) | J146: =IFERROR((G146 * 0.6) + (H146 * 0.2) + (I146 * 0.2), 0) | K146: =IF(G146>=0.5, "L", "G") & IF(((H146+I146)/2)>=0.5, "L", "G") & IF(J146>=0.6, "L", "G")

Sheet MARKAH_TKRS_KAWAD
A1: ID_UJIAN | B1: ID_PESERTA | C1: TARIKH UJIAN | D1: NAMA PESERTA | E1: SEKOLAH | F1: NAMA PENGUJI | G1: PAKAIAN | H1: Skuad Senang… Diri (BH) | I1: Skuad Senang… Diri (PER) | J1: Skuad Sedia (BH) | K1: Skuad Sedia (PER) | L1: Ke kanan… lurus (BH) | M1: Ke kanan… lurus (PER) | N1: Pandang… depan (BH) | O1: Pandang… depan (PER) | P1: Bergerak ke kiri, kiri… pusing (BH) | Q1: Bergerak ke kiri, kiri… pusing (PER) | R1: Bergerak ke kanan, belakang… pusing (BH) | S1: Bergerak ke kanan, belakang… pusing (PER) | T1: Menghadap ke belakang, kanan… pusing (BH) | U1: Menghadap ke belakang, kanan… pusing (PER) | V1: Menghadap ke hadapan, belakang… pusing (BH) | W1: Menghadap ke hadapan, belakang… pusing (PER) | X1: Bergerak ke kiri, kiri… pusing (2) (BH) | Y1: Bergerak ke kiri, kiri… pusing (2) (PER) | Z1: Dari kanan, cepat… jalan (BH) | AA1: Dari kanan, cepat… jalan (PER) | AB1: Hormat ke hadapan… hormat (BH) | AC1: Hormat ke hadapan… hormat (PER) | AD1: Bergerak ke kiri, belakang… pusing (BH) | AE1: Bergerak ke kiri, belakang… pusing (PER) | AF1: Skuad Hentak… Kaki (BH) | AG1: Skuad Hentak… Kaki (PER) | AH1: Skuad… Henti (BH) | AI1: Skuad… Henti (PER) | AJ1: Menghadap ke hadapan, kanan… pusing (BH) | AK1: Menghadap ke hadapan, kanan… pusing (PER) | AL1: CATATAN | AM1: KWD_BAHASA_HUKUMAN | AN1: KWD_PERGERAKAN | AO1: MARKAH KAWAD | AP1: MARKAHKAWAD30
A2: ebd72ba5 | B2: TKRS-LA001 | C2: 46254.846 | D2: MUHAMMAD REEFA MIKHAIL BIN KHAIRUL ANWAR | E2: SJK (C) FOON YEW 2 | F2: Dan | G2: 4 | H2: 2 | I2: 2 | J2: 2 | K2: 2 | L2: 2 | M2: 2 | N2: 2 | O2: 2 | P2: 2 | Q2: 2 | R2: 2 | S2: 2 | T2: 2 | U2: 2 | V2: 2 | W2: 2 | X2: 2 | Y2: 3 | Z2: 3 | AA2: 3 | AB2: 3 | AC2: 3 | AD2: 3 | AE2: 3 | AF2: 3 | AG2: 3 | AH2: 3 | AI2: 3 | AJ2: 3 | AK2: 3 | AL2: Tiada | AM2: 36 | AN2: 37 | AO2: 77 | AP2: 48.63

Sheet MARKAH_TKRS_BANTU_MULA
A1: ID_UJIAN | B1: ID_PESERTA | C1: TARIKH UJIAN | D1: NAMA PESERTA | E1: SEKOLAH | F1: NAMA PENGUJI | G1: KEKEMASAN | H1: PENERANGAN | I1: CATATAN | J1: MARKAH BANTU MULA | K1: MARKAHBANTUMULA10
A2: 24d002c6 | B2: TKRS-LA001 | C2: 46254.845 | D2: MUHAMMAD REEFA MIKHAIL BIN KHAIRUL ANWAR | E2: SJK (C) FOON YEW 2 | F2: Rid | G2: 3 | H2: 3 | J2: 6 | K2: 6

Sheet MARKAH_TKRS_IKATAN
A1: ID_UJIAN | B1: ID_PESERTA | C1: TARIKH UJIAN | D1: NAMA PESERTA | E1: SEKOLAH | F1: NAMA PENGUJI | G1: SIMPULAN BUNGA GETI | H1: SIMPULAN MANUK | I1: IKATAN BALAK | J1: SIMPULAN TINDIH KASIH | K1: CATATAN | L1: MARKAH IKATAN | M1: MARKAHIKATAN10
A2: 6ceb2c63 | B2: TKRS-LA001 | C2: 46254.847 | D2: MUHAMMAD REEFA MIKHAIL BIN KHAIRUL ANWAR | E2: SJK (C) FOON YEW 2 | F2: Ny | G2: 3 | H2: 3 | I2: 4 | J2: 5 | L2: 15 | M2: 12

Sheet MARKAH_KRS_KAWAD
A1: ID_UJIAN | B1: ID_PESERTA | C1: TARIKH UJIAN | D1: NAMA PESERTA | E1: SEKOLAH | F1: NAMA PENGUJI | G1: PAKAIAN | H1: Arahan Masuk Baris (Doa Kawad) (BH) | I1: Arahan Masuk Baris (Doa Kawad) (PER) | J1: Skuad Senang… Diri (BH) | K1: Skuad Senang… Diri (PER) | L1: Skuad Sedia (BH) | M1: Skuad Sedia (PER) | N1: Ke kanan… lurus (BH) | O1: Ke kanan… lurus (PER) | P1: Pandang… depan (BH) | Q1: Pandang… depan (PER) | R1: Bergerak ke kiri, kiri… pusing (BH) | S1: Bergerak ke kiri, kiri… pusing (PER) | T1: Bergerak ke kanan, belakang… pusing (BH) | U1: Bergerak ke kanan, belakang… pusing (PER) | V1: Menghadap ke belakang, kanan… pusing (BH) | W1: Menghadap ke belakang, kanan… pusing (PER) | X1: Menghadap ke hadapan, belakang… pusing (BH) | Y1: Menghadap ke hadapan, belakang… pusing (PER) | Z1: Bergerak ke kiri, kiri… pusing (2) (BH) | AA1: Bergerak ke kiri, kiri… pusing (2) (PER) | AB1: Dari kanan, cepat… jalan (BH) | AC1: Dari kanan, cepat… jalan (PER) | AD1: Selaku terima sijil, hormat ke hadapan… hormat (BH) | AE1: Selaku terima sijil, hormat ke hadapan… hormat (PER) | AF1: Tukar langkah semasa berjalan, tukar… langkah (3x) (BH) | AG1: Tukar langkah semasa berjalan, tukar… langkah (3x) (PER) | AH1: Bergerak ke kiri, belakang… pusing (BH) | AI1: Bergerak ke kiri, belakang… pusing (PER) | AJ1: Tukar langkah perlahan, perlahan… jalan (5–9 langkah) (BH) | AK1: Tukar langkah perlahan, perlahan… jalan (5–9 langkah) (PER) | AL1: Bergerak ke kanan, belakang… pusing (semasa perlahan jalan) (BH) | AM1: Bergerak ke kanan, belakang… pusing (semasa perlahan jalan) (PER) | AN1: Tukar langkah cepat, cepat… jalan (BH) | AO1: Tukar langkah cepat, cepat… jalan (PER) | AP1: Bergerak ke kiri, belakang… pusing (2) (BH) | AQ1: Bergerak ke kiri, belakang… pusing (2) (PER) | AR1: Skuad Hentak… Kaki (BH) | AS1: Skuad Hentak… Kaki (PER) | AT1: Skuad… Henti (BH) | AU1: Skuad… Henti (PER) | AV1: Menghadap ke hadapan, kanan… pusing (BH) | AW1: Menghadap ke hadapan, kanan… pusing (PER) | AX1: Skuad Keluar… Baris (BH) | AY1: Skuad Keluar… Baris (PER) | AZ1: CATATAN | BA1: KWD_BAHASA_HUKUMAN | BB1: KWD_PERGERAKAN | BC1: MARKAH KAWAD | BD1: MARKAHKAWAD30
A2: 268d5327 | B2: KRS-LA001 | C2: 46255.47 | D2: MUHAMMAD LUQMAN ISKANDAR BIN ABDUL HADI | E2: SMA AL-QURAN WADDIN | F2: Cuba uji | G2: 2 | H2: 2 | I2: 2 | J2: 2 | K2: 2 | L2: 2 | M2: 2 | N2: 2 | O2: 2 | P2: 2 | Q2: 2 | R2: 2 | S2: 2 | T2: 2 | U2: 2 | V2: 2 | W2: 2 | X2: 2 | Y2: 2 | Z2: 2 | AA2: 2 | AB2: 2 | AC2: 2 | AD2: 2 | AE2: 2 | AF2: 2 | AG2: 2 | AH2: 2 | AI2: 2 | AJ2: 2 | AK2: 2 | AL2: 2 | AM2: 2 | AN2: 2 | AO2: 2 | AP2: 2 | AQ2: 2 | AR2: 2 | AS2: 2 | AT2: 2 | AU2: 2 | AV2: 2 | AW2: 2 | AX2: 2 | AY2: 2 | BA2: 44 | BB2: 44 | BC2: 90 | BD2: 39

Sheet MARKAH_KRS_BANTU_MULA
A1: ID_UJIAN | B1: ID_PESERTA | C1: TARIKH UJIAN | D1: NAMA PESERTA | E1: SEKOLAH | F1: NAMA PENGUJI | G1: PATAH BAHAGIAN KETING | H1: KESELAMATAN DAN KESELESAAN | I1: PENERANGAN | J1: CATATAN | K1: MARKAH BANTU MULA | L1: MARKAHBANTUMULA10

Sheet MARKAH_KRS_IKATAN
A1: ID_UJIAN | B1: ID_PESERTA | C1: TARIKH UJIAN | D1: NAMA PESERTA | E1: SEKOLAH | F1: NAMA PENGUJI | G1: SIMPULAN PENCURI | H1: IKATAN SERONG | I1: SIMPUL HIMPIT | J1: IKATAN BELIT LUCUT | K1: SIMPUL PULIH | L1: CATATAN | M1: MARKAH IKATAN | N1: MARKAHIKATAN10
